"id";"img"
111001;"D:\AcadEase_local\studentimg\main\111001.png"
111002;"D:\AcadEase_local\studentimg\main\111002.png"
111003;"D:\AcadEase_local\studentimg\main\111003.png"
111004;"D:\AcadEase_local\studentimg\main\111004.png"
111005;"D:\AcadEase_local\studentimg\main\111005.png"
111006;"D:\AcadEase_local\studentimg\main\111006.png"
111007;"D:\AcadEase_local\studentimg\main\111007.png"
111008;"D:\AcadEase_local\studentimg\main\111008.png"
111009;"D:\AcadEase_local\studentimg\main\111009.png"
111010;"D:\AcadEase_local\studentimg\main\111010.png"
111011;"D:\AcadEase_local\studentimg\main\111011.png"
111012;"D:\AcadEase_local\studentimg\main\111012.png"
111013;"D:\AcadEase_local\studentimg\main\111013.png"
111014;"D:\AcadEase_local\studentimg\main\111014.png"
111015;"D:\AcadEase_local\studentimg\main\111015.png"
111016;"D:\AcadEase_local\studentimg\main\111016.png"
111017;"D:\AcadEase_local\studentimg\main\111017.png"
111018;"D:\AcadEase_local\studentimg\main\111018.png"
111019;"D:\AcadEase_local\studentimg\main\111019.png"
111020;"D:\AcadEase_local\studentimg\main\111020.png"
111021;"D:\AcadEase_local\studentimg\main\111021.png"
111022;"D:\AcadEase_local\studentimg\main\111022.png"
111023;"D:\AcadEase_local\studentimg\main\111023.png"
111024;"D:\AcadEase_local\studentimg\main\111024.png"
111025;"D:\AcadEase_local\studentimg\main\111025.png"
111026;"D:\AcadEase_local\studentimg\main\111026.png"
111027;"D:\AcadEase_local\studentimg\main\111027.png"
111028;"D:\AcadEase_local\studentimg\main\111028.png"
111029;"D:\AcadEase_local\studentimg\main\111029.png"
111030;"D:\AcadEase_local\studentimg\main\111030.png"
112001;"D:\AcadEase_local\studentimg\main\112001.png"
112002;"D:\AcadEase_local\studentimg\main\112002.png"
112003;"D:\AcadEase_local\studentimg\main\112003.png"
112004;"D:\AcadEase_local\studentimg\main\112004.png"
112005;"D:\AcadEase_local\studentimg\main\112005.png"
112006;"D:\AcadEase_local\studentimg\main\112006.png"
112007;"D:\AcadEase_local\studentimg\main\112007.png"
112008;"D:\AcadEase_local\studentimg\main\112008.png"
112009;"D:\AcadEase_local\studentimg\main\112009.png"
112010;"D:\AcadEase_local\studentimg\main\112010.png"
112011;"D:\AcadEase_local\studentimg\main\112011.png"
112012;"D:\AcadEase_local\studentimg\main\112012.png"
112013;"D:\AcadEase_local\studentimg\main\112013.png"
112014;"D:\AcadEase_local\studentimg\main\112014.png"
112015;"D:\AcadEase_local\studentimg\main\112015.png"
112016;"D:\AcadEase_local\studentimg\main\112016.png"
112017;"D:\AcadEase_local\studentimg\main\112017.png"
112018;"D:\AcadEase_local\studentimg\main\112018.png"
112019;"D:\AcadEase_local\studentimg\main\112019.png"
112020;"D:\AcadEase_local\studentimg\main\112020.png"
112021;"D:\AcadEase_local\studentimg\main\112021.png"
112022;"D:\AcadEase_local\studentimg\main\112022.png"
112023;"D:\AcadEase_local\studentimg\main\112023.png"
112024;"D:\AcadEase_local\studentimg\main\112024.png"
112025;"D:\AcadEase_local\studentimg\main\112025.png"
112026;"D:\AcadEase_local\studentimg\main\112026.png"
112027;"D:\AcadEase_local\studentimg\main\112027.png"
112028;"D:\AcadEase_local\studentimg\main\112028.png"
112029;"D:\AcadEase_local\studentimg\main\112029.png"
112030;"D:\AcadEase_local\studentimg\main\112030.png"
121001;"D:\AcadEase_local\studentimg\main\121001.png"
121002;"D:\AcadEase_local\studentimg\main\121002.png"
121003;"D:\AcadEase_local\studentimg\main\121003.png"
121004;"D:\AcadEase_local\studentimg\main\121004.png"
121005;"D:\AcadEase_local\studentimg\main\121005.png"
121006;"D:\AcadEase_local\studentimg\main\121006.png"
121007;"D:\AcadEase_local\studentimg\main\121007.png"
121008;"D:\AcadEase_local\studentimg\main\121008.png"
121009;"D:\AcadEase_local\studentimg\main\121009.png"
121010;"D:\AcadEase_local\studentimg\main\121010.png"
121011;"D:\AcadEase_local\studentimg\main\121011.png"
121012;"D:\AcadEase_local\studentimg\main\121012.png"
121013;"D:\AcadEase_local\studentimg\main\121013.png"
121014;"D:\AcadEase_local\studentimg\main\121014.png"
121015;"D:\AcadEase_local\studentimg\main\121015.png"
121016;"D:\AcadEase_local\studentimg\main\121016.png"
121017;"D:\AcadEase_local\studentimg\main\121017.png"
121018;"D:\AcadEase_local\studentimg\main\121018.png"
121019;"D:\AcadEase_local\studentimg\main\121019.png"
121020;"D:\AcadEase_local\studentimg\main\121020.png"
121021;"D:\AcadEase_local\studentimg\main\121021.png"
121022;"D:\AcadEase_local\studentimg\main\121022.png"
121023;"D:\AcadEase_local\studentimg\main\121023.png"
121024;"D:\AcadEase_local\studentimg\main\121024.png"
121025;"D:\AcadEase_local\studentimg\main\121025.png"
121026;"D:\AcadEase_local\studentimg\main\121026.png"
121027;"D:\AcadEase_local\studentimg\main\121027.png"
121028;"D:\AcadEase_local\studentimg\main\121028.png"
121029;"D:\AcadEase_local\studentimg\main\121029.png"
121030;"D:\AcadEase_local\studentimg\main\121030.png"
122001;"D:\AcadEase_local\studentimg\main\122001.png"
122002;"D:\AcadEase_local\studentimg\main\122002.png"
122003;"D:\AcadEase_local\studentimg\main\122003.png"
122004;"D:\AcadEase_local\studentimg\main\122004.png"
122005;"D:\AcadEase_local\studentimg\main\122005.png"
122006;"D:\AcadEase_local\studentimg\main\122006.png"
122007;"D:\AcadEase_local\studentimg\main\122007.png"
122008;"D:\AcadEase_local\studentimg\main\122008.png"
122009;"D:\AcadEase_local\studentimg\main\122009.png"
122010;"D:\AcadEase_local\studentimg\main\122010.png"
122011;"D:\AcadEase_local\studentimg\main\122011.png"
122012;"D:\AcadEase_local\studentimg\main\122012.png"
122013;"D:\AcadEase_local\studentimg\main\122013.png"
122014;"D:\AcadEase_local\studentimg\main\122014.png"
122015;"D:\AcadEase_local\studentimg\main\122015.png"
122016;"D:\AcadEase_local\studentimg\main\122016.png"
122017;"D:\AcadEase_local\studentimg\main\122017.png"
122018;"D:\AcadEase_local\studentimg\main\122018.png"
122019;"D:\AcadEase_local\studentimg\main\122019.png"
122020;"D:\AcadEase_local\studentimg\main\122020.png"
122021;"D:\AcadEase_local\studentimg\main\122021.png"
122022;"D:\AcadEase_local\studentimg\main\122022.png"
122023;"D:\AcadEase_local\studentimg\main\122023.png"
122024;"D:\AcadEase_local\studentimg\main\122024.png"
122025;"D:\AcadEase_local\studentimg\main\122025.png"
122026;"D:\AcadEase_local\studentimg\main\122026.png"
122027;"D:\AcadEase_local\studentimg\main\122027.png"
122028;"D:\AcadEase_local\studentimg\main\122028.png"
122029;"D:\AcadEase_local\studentimg\main\122029.png"
122030;"D:\AcadEase_local\studentimg\main\122030.png"
